{
  "images" : [
    {
      "idiom" : "universal",
      "filename" : "FoodFlocker_FoodFlocker_Assets.xcassets_StarSmall.imageset_star_small.png",
      "scale" : "1x"
    },
    {
      "idiom" : "universal",
      "filename" : "FoodFlocker_FoodFlocker_Assets.xcassets_StarSmall.imageset_star_small@2x.png",
      "scale" : "2x"
    },
    {
      "idiom" : "universal",
      "filename" : "FoodFlocker_FoodFlocker_Assets.xcassets_StarSmall.imageset_star_small@3x.png",
      "scale" : "3x"
    }
  ],
  "info" : {
    "version" : 1,
    "author" : "xcode"
  }
}