[
    {
        "name": "Afghanistan",
        "code": "AF"
    },
    {
        "name": "Albania",
        "code": "AL"
    },
    {
        "name": "Algeria",
        "code": "DZ"
    },
    {
        "name": "Andorra",
        "code": "AD"
    },
    {
        "name": "Angola",
        "code": "AO"
    },
    {
        "name": "Argentina",
        "code": "AR"
    },
    {
        "name": "Armenia",
        "code": "AM"
    },
    {
        "name": "Australia",
        "code": "AU"
    },
    {
        "name": "Austria",
        "code": "AT"
    },
    {
        "name": "Azerbaijan",
        "code": "AZ"
    },
    {
        "name": "Bahamas",
        "code": "BS"
    },
    {
        "name": "Bahrain",
        "code": "BH"
    },
    {
        "name": "Bangladesh",
        "code": "BD"
    },
    {
        "name": "Barbados",
        "code": "BB"
    },
    {
        "name": "Belarus",
        "code": "BY"
    },
    {
        "name": "Belgium",
        "code": "BE"
    },
    {
        "name": "Belize",
        "code": "BZ"
    },
    {
        "name": "Benin",
        "code": "BJ"
    },
    {
        "name": "Bhutan",
        "code": "BT"
    },
    {
        "name": "Bolivia",
        "code": "BO"
    },
    {
        "name": "Bosnia and Herzegovina",
        "code": "BA"
    },
    {
        "name": "Botswana",
        "code": "BW"
    },
    {
        "name": "Brazil",
        "code": "BR"
    },
    {
        "name": "Brunei",
        "code": "BN"
    },
    {
        "name": "Bulgaria",
        "code": "BG"
    },
    {
        "name": "Burkina Faso",
        "code": "BF"
    },
    {
        "name": "Burundi",
        "code": "BI"
    },
    {
        "name": "Cambodia",
        "code": "KH"
    },
    {
        "name": "Cameroon",
        "code": "CM"
    },
    {
        "name": "Canada",
        "code": "CA"
    },
    {
        "name": "Cape Verde",
        "code": "CV"
    },
    {
        "name": "Central African Republic",
        "code": "CF"
    },
    {
        "name": "Chad",
        "code": "TD"
    },
    {
        "name": "Chile",
        "code": "CL"
    },
    {
        "name": "China",
        "code": "CN"
    },
    {
        "name": "Colombia",
        "code": "CO"
    },
    {
        "name": "Comoros",
        "code": "KM"
    },
    {
        "name": "Congo (Brazzaville)",
        "code": "CG"
    },
    {
        "name": "Congo (Kinshasa)",
        "code": "CD"
    },
    {
        "name": "Costa Rica",
        "code": "CR"
    },
    {
        "name": "Croatia",
        "code": "HR"
    },
    {
        "name": "Cuba",
        "code": "CU"
    },
    {
        "name": "Cyprus",
        "code": "CY"
    },
    {
        "name": "Czech Republic",
        "code": "CZ"
    },
    {
        "name": "Denmark",
        "code": "DK"
    },
    {
        "name": "Djibouti",
        "code": "DJ"
    },
    {
        "name": "Dominica",
        "code": "DM"
    },
    {
        "name": "Dominican Republic",
        "code": "DO"
    },
    {
        "name": "East Timor",
        "code": "TL"
    },
    {
        "name": "Ecuador",
        "code": "EC"
    },
    {
        "name": "Egypt",
        "code": "EG"
    },
    {
        "name": "El Salvador",
        "code": "SV"
    },
    {
        "name": "Equatorial Guinea",
        "code": "GQ"
    },
    {
        "name": "Eritrea",
        "code": "ER"
    },
    {
        "name": "Estonia",
        "code": "EE"
    },
    {
        "name": "Eswatini (Swaziland)",
        "code": "SZ"
    },
    {
        "name": "Ethiopia",
        "code": "ET"
    },
    {
        "name": "Fiji",
        "code": "FJ"
    },
    {
        "name": "Finland",
        "code": "FI"
    },
    {
        "name": "France",
        "code": "FR"
    },
    {
        "name": "Gabon",
        "code": "GA"
    },
    {
        "name": "Gambia",
        "code": "GM"
    },
    {
        "name": "Georgia",
        "code": "GE"
    },
    {
        "name": "Germany",
        "code": "DE"
    },
    {
        "name": "Ghana",
        "code": "GH"
    },
    {
        "name": "Greece",
        "code": "GR"
    },
    {
        "name": "Grenada",
        "code": "GD"
    },
    {
        "name": "Guatemala",
        "code": "GT"
    },
    {
        "name": "Guinea",
        "code": "GN"
    },
    {
        "name": "Guinea-Bissau",
        "code": "GW"
    },
    {
        "name": "Guyana",
        "code": "GY"
    },
    {
        "name": "Haiti",
        "code": "HT"
    },
    {
        "name": "Honduras",
        "code": "HN"
    },
    {
        "name": "Hungary",
        "code": "HU"
    },
    {
        "name": "Iceland",
        "code": "IS"
    },
    {
        "name": "India",
        "code": "IN"
    },
    {
        "name": "Indonesia",
        "code": "ID"
    },
    {
        "name": "Iran",
        "code": "IR"
    },
    {
        "name": "Iraq",
        "code": "IQ"
    },
    {
        "name": "Ireland",
        "code": "IE"
    },
    {
        "name": "Israel",
        "code": "IL"
    },
    {
        "name": "Italy",
        "code": "IT"
    },
    {
        "name": "Ivory Coast (C\u00f4te d'Ivoire)",
        "code": "CI"
    },
    {
        "name": "Jamaica",
        "code": "JM"
    },
    {
        "name": "Japan",
        "code": "JP"
    },
    {
        "name": "Jordan",
        "code": "JO"
    },
    {
        "name": "Kazakhstan",
        "code": "KZ"
    },
    {
        "name": "Kenya",
        "code": "KE"
    },
    {
        "name": "Kiribati",
        "code": "KI"
    },
    {
        "name": "Korea (North)",
        "code": "KP"
    },
    {
        "name": "Korea (South)",
        "code": "KR"
    },
    {
        "name": "Kosovo",
        "code": "XK"
    },
    {
        "name": "Kuwait",
        "code": "KW"
    },
    {
        "name": "Kyrgyzstan",
        "code": "KG"
    },
    {
        "name": "Laos",
        "code": "LA"
    },
    {
        "name": "Latvia",
        "code": "LV"
    },
    {
        "name": "Lebanon",
        "code": "LB"
    },
    {
        "name": "Lesotho",
        "code": "LS"
    },
    {
        "name": "Liberia",
        "code": "LR"
    },
    {
        "name": "Libya",
        "code": "LY"
    },
    {
        "name": "Liechtenstein",
        "code": "LI"
    },
    {
        "name": "Lithuania",
        "code": "LT"
    },
    {
        "name": "Luxembourg",
        "code": "LU"
    },
    {
        "name": "Madagascar",
        "code": "MG"
    },
    {
        "name": "Malawi",
        "code": "MW"
    },
    {
        "name": "Malaysia",
        "code": "MY"
    },
    {
        "name": "Maldives",
        "code": "MV"
    },
    {
        "name": "Mali",
        "code": "ML"
    },
    {
        "name": "Malta",
        "code": "MT"
    },
    {
        "name": "Marshall Islands",
        "code": "MH"
    },
    {
        "name": "Mauritania",
        "code": "MR"
    },
    {
        "name": "Mauritius",
        "code": "MU"
    },
    {
        "name": "Mexico",
        "code": "MX"
    },
    {
        "name": "Micronesia",
        "code": "FM"
    },
    {
        "name": "Moldova",
        "code": "MD"
    },
    {
        "name": "Monaco",
        "code": "MC"
    },
    {
        "name": "Mongolia",
        "code": "MN"
    },
    {
        "name": "Montenegro",
        "code": "ME"
    }
]
