[
    {
        "cityName": "Achalpur",
        "category": "C"
    },
    {
        "cityName": "Achhnera",
        "category": "C"
    },
    {
        "cityName": "Adalaj",
        "category": "C"
    },
    {
        "cityName": "Adilabad",
        "category": "C"
    },
    {
        "cityName": "Adityapur",
        "category": "C"
    },
    {
        "cityName": "Adoni",
        "category": "C"
    },
    {
        "cityName": "Adoor",
        "category": "C"
    },
    {
        "cityName": "Adra",
        "category": "C"
    },
    {
        "cityName": "Adyar",
        "category": "C"
    },
    {
        "cityName": "Afzalpur",
        "category": "C"
    },
    {
        "cityName": "Agartala",
        "category": "C"
    },
    {
        "cityName": "Agra",
        "category": "B"
    },
    {
        "cityName": "Ahmedabad",
        "category": "B"
    },
    {
        "cityName": "Ahmednagar",
        "category": "C"
    },
    {
        "cityName": "Aizawl",
        "category": "C"
    },
    {
        "cityName": "Ajmer",
        "category": "C"
    },
    {
        "cityName": "Akola",
        "category": "C"
    },
    {
        "cityName": "Akot",
        "category": "C"
    },
    {
        "cityName": "Alappuzha",
        "category": "C"
    },
    {
        "cityName": "Aligarh",
        "category": "B"
    },
    {
        "cityName": "AlipurdUrban Agglomerationr",
        "category": "C"
    },
    {
        "cityName": "Alirajpur",
        "category": "C"
    },
    {
        "cityName": "Allahabad",
        "category": "B"
    },
    {
        "cityName": "Alwar",
        "category": "C"
    },
    {
        "cityName": "Amalapuram",
        "category": "C"
    },
    {
        "cityName": "Amalner",
        "category": "C"
    },
    {
        "cityName": "Ambala",
        "category": "B"
    },
    {
        "cityName": "Ambejogai",
        "category": "C"
    },
    {
        "cityName": "Ambikapur",
        "category": "C"
    },
    {
        "cityName": "Amravati",
        "category": "B"
    },
    {
        "cityName": "Amreli",
        "category": "C"
    },
    {
        "cityName": "Amritsar",
        "category": "B"
    },
    {
        "cityName": "Amroha",
        "category": "C"
    },
    {
        "cityName": "Anakapalle",
        "category": "C"
    },
    {
        "cityName": "Anand",
        "category": "C"
    },
    {
        "cityName": "Ananthpura",
        "category": "B"
    },
    {
        "cityName": "Anantnag",
        "category": "C"
    },
    {
        "cityName": "Anjangaon",
        "category": "C"
    },
    {
        "cityName": "Anjar",
        "category": "C"
    },
    {
        "cityName": "Ankleshwar",
        "category": "C"
    },
    {
        "cityName": "Arakkonam",
        "category": "C"
    },
    {
        "cityName": "Arambagh",
        "category": "C"
    },
    {
        "cityName": "Araria",
        "category": "C"
    },
    {
        "cityName": "Arrah",
        "category": "C"
    },
    {
        "cityName": "Arsikere",
        "category": "C"
    },
    {
        "cityName": "Aruppukkottai",
        "category": "C"
    },
    {
        "cityName": "Arvi",
        "category": "C"
    },
    {
        "cityName": "Arwal",
        "category": "C"
    },
    {
        "cityName": "Asansol",
        "category": "B"
    },
    {
        "cityName": "Asarganj",
        "category": "C"
    },
    {
        "cityName": "Ashok Nagar",
        "category": "C"
    },
    {
        "cityName": "Athni",
        "category": "C"
    },
    {
        "cityName": "Attingal",
        "category": "C"
    },
    {
        "cityName": "Aurangabad",
        "category": "B"
    },
    {
        "cityName": "Azamgarh",
        "category": "C"
    },
    {
        "cityName": "Bagaha",
        "category": "C"
    },
    {
        "cityName": "Bageshwar",
        "category": "C"
    },
    {
        "cityName": "Bahadurgarh",
        "category": "C"
    },
    {
        "cityName": "Baharampur",
        "category": "C"
    },
    {
        "cityName": "Bahraich",
        "category": "C"
    },
    {
        "cityName": "Balaghat",
        "category": "C"
    },
    {
        "cityName": "Balangir",
        "category": "C"
    },
    {
        "cityName": "Baleshwar Town",
        "category": "C"
    },
    {
        "cityName": "Ballari",
        "category": "C"
    },
    {
        "cityName": "Balurghat",
        "category": "C"
    },
    {
        "cityName": "Bankura",
        "category": "C"
    },
    {
        "cityName": "Bapatla",
        "category": "C"
    },
    {
        "cityName": "Baramula",
        "category": "C"
    },
    {
        "cityName": "Barbil",
        "category": "C"
    },
    {
        "cityName": "Bareilly",
        "category": "B"
    },
    {
        "cityName": "Bargarh",
        "category": "C"
    },
    {
        "cityName": "Barh",
        "category": "C"
    },
    {
        "cityName": "Baripada Town",
        "category": "C"
    },
    {
        "cityName": "Barmer",
        "category": "C"
    },
    {
        "cityName": "Barnala",
        "category": "C"
    },
    {
        "cityName": "Barpeta",
        "category": "C"
    },
    {
        "cityName": "Batala",
        "category": "C"
    },
    {
        "cityName": "Bathinda",
        "category": "B"
    },
    {
        "cityName": "Begusarai",
        "category": "C"
    },
    {
        "cityName": "Belagavi",
        "category": "C"
    },
    {
        "cityName": "Belgaum",
        "category": "B"
    },
    {
        "cityName": "Bellampalle",
        "category": "C"
    },
    {
        "cityName": "Belonia",
        "category": "C"
    },
    {
        "cityName": "Bengaluru",
        "category": "A"
    },
    {
        "cityName": "Bettiah",
        "category": "C"
    },
    {
        "cityName": "BhabUrban Agglomeration",
        "category": "C"
    },
    {
        "cityName": "Bhadrachalam",
        "category": "C"
    },
    {
        "cityName": "Bhadrak",
        "category": "C"
    },
    {
        "cityName": "Bhagalpur",
        "category": "C"
    },
    {
        "cityName": "Bhainsa",
        "category": "C"
    },
    {
        "cityName": "Bharatpur",
        "category": "C"
    },
    {
        "cityName": "Bharuch",
        "category": "C"
    },
    {
        "cityName": "Bhatapara",
        "category": "C"
    },
    {
        "cityName": "Bhatinda",
        "category": "B"
    },
    {
        "cityName": "Bhavnagar",
        "category": "C"
    },
    {
        "cityName": "Bhawanipatna",
        "category": "C"
    },
    {
        "cityName": "Bheemunipatnam",
        "category": "C"
    },
    {
        "cityName": "Bhilai",
        "category": "B"
    },
    {
        "cityName": "Bhilai Nagar",
        "category": "C"
    },
    {
        "cityName": "Bhilwara",
        "category": "C"
    },
    {
        "cityName": "Bhimavaram",
        "category": "C"
    },
    {
        "cityName": "Bhiwandi",
        "category": "B"
    },
    {
        "cityName": "Bhiwani",
        "category": "C"
    },
    {
        "cityName": "Bhongir",
        "category": "C"
    },
    {
        "cityName": "Bhopal",
        "category": "B"
    },
    {
        "cityName": "Bhubaneswar",
        "category": "A"
    },
    {
        "cityName": "Bhuj",
        "category": "C"
    },
    {
        "cityName": "Bikaner",
        "category": "B"
    },
    {
        "cityName": "Bilaspur",
        "category": "A"
    },
    {
        "cityName": "Bobbili",
        "category": "C"
    },
    {
        "cityName": "Bodhan",
        "category": "C"
    },
    {
        "cityName": "Bokaro Steel City",
        "category": "C"
    },
    {
        "cityName": "Bongaigaon City",
        "category": "C"
    },
    {
        "cityName": "Brahmapur",
        "category": "C"
    },
    {
        "cityName": "Buxar",
        "category": "C"
    },
    {
        "cityName": "Byasanagar",
        "category": "C"
    },
    {
        "cityName": "Calicut",
        "category": "B"
    },
    {
        "cityName": "Chaibasa",
        "category": "C"
    },
    {
        "cityName": "Chalakudy",
        "category": "C"
    },
    {
        "cityName": "Chandausi",
        "category": "C"
    },
    {
        "cityName": "Chandigarh",
        "category": "A"
    },
    {
        "cityName": "Chandrapur",
        "category": "B"
    },
    {
        "cityName": "Changanassery",
        "category": "C"
    },
    {
        "cityName": "Charkhi Dadri",
        "category": "C"
    },
    {
        "cityName": "Chatra",
        "category": "C"
    },
    {
        "cityName": "Chennai",
        "category": "A"
    },
    {
        "cityName": "Cherthala",
        "category": "C"
    },
    {
        "cityName": "Chhapra",
        "category": "C"
    },
    {
        "cityName": "Chhapra",
        "category": "C"
    },
    {
        "cityName": "Chikkamagaluru",
        "category": "C"
    },
    {
        "cityName": "Chilakaluripet",
        "category": "C"
    },
    {
        "cityName": "Chirala",
        "category": "C"
    },
    {
        "cityName": "Chirkunda",
        "category": "C"
    },
    {
        "cityName": "Chirmiri",
        "category": "C"
    },
    {
        "cityName": "Chittoor",
        "category": "B"
    },
    {
        "cityName": "Chittur-Thathamangalam",
        "category": "C"
    },
    {
        "cityName": "Coimbatore",
        "category": "A"
    },
    {
        "cityName": "Cuttack",
        "category": "B"
    },
    {
        "cityName": "Dalli-Rajhara",
        "category": "C"
    },
    {
        "cityName": "Darbhanga",
        "category": "C"
    },
    {
        "cityName": "Darjiling",
        "category": "C"
    },
    {
        "cityName": "Darwad",
        "category": "B"
    },
    {
        "cityName": "Davanagere",
        "category": "C"
    },
    {
        "cityName": "Deesa",
        "category": "C"
    },
    {
        "cityName": "Dehradun",
        "category": "B"
    },
    {
        "cityName": "Dehri-on-Sone",
        "category": "C"
    },
    {
        "cityName": "Delhi",
        "category": "A"
    },
    {
        "cityName": "Deoghar",
        "category": "C"
    },
    {
        "cityName": "Dhamtari",
        "category": "C"
    },
    {
        "cityName": "Dhanbad",
        "category": "B"
    },
    {
        "cityName": "Dharamshala",
        "category": "A"
    },
    {
        "cityName": "Dharmanagar",
        "category": "C"
    },
    {
        "cityName": "Dharmavaram",
        "category": "C"
    },
    {
        "cityName": "Dharwad",
        "category": "B"
    },
    {
        "cityName": "Dhenkanal",
        "category": "C"
    },
    {
        "cityName": "Dhoraji",
        "category": "C"
    },
    {
        "cityName": "Dhubri",
        "category": "C"
    },
    {
        "cityName": "Dhule",
        "category": "C"
    },
    {
        "cityName": "Dhuri",
        "category": "C"
    },
    {
        "cityName": "Dibrugarh",
        "category": "C"
    },
    {
        "cityName": "Dimapur",
        "category": "C"
    },
    {
        "cityName": "Diphu",
        "category": "C"
    },
    {
        "cityName": "Diu",
        "category": "B"
    },
    {
        "cityName": "Dumka",
        "category": "C"
    },
    {
        "cityName": "Dumraon",
        "category": "C"
    },
    {
        "cityName": "Durg",
        "category": "B"
    },
    {
        "cityName": "Eluru",
        "category": "C"
    },
    {
        "cityName": "English Bazar",
        "category": "C"
    },
    {
        "cityName": "Erode",
        "category": "B"
    },
    {
        "cityName": "Etawah",
        "category": "B"
    },
    {
        "cityName": "Faridabad",
        "category": "B"
    },
    {
        "cityName": "Faridkot",
        "category": "C"
    },
    {
        "cityName": "Farooqnagar",
        "category": "C"
    },
    {
        "cityName": "Fatehabad",
        "category": "C"
    },
    {
        "cityName": "Fatehpur Sikri",
        "category": "C"
    },
    {
        "cityName": "Fazilka",
        "category": "C"
    },
    {
        "cityName": "Firozabad",
        "category": "C"
    },
    {
        "cityName": "Firozpur",
        "category": "C"
    },
    {
        "cityName": "Firozpur Cantt.",
        "category": "C"
    },
    {
        "cityName": "Forbesganj",
        "category": "C"
    },
    {
        "cityName": "Gadwal",
        "category": "C"
    },
    {
        "cityName": "Gandhidham",
        "category": "B"
    },
    {
        "cityName": "Gandhinagar",
        "category": "C"
    },
    {
        "cityName": "Gangarampur",
        "category": "C"
    },
    {
        "cityName": "Ganjbasoda",
        "category": "C"
    },
    {
        "cityName": "Gaya",
        "category": "C"
    },
    {
        "cityName": "Ghaziabad",
        "category": "B"
    },
    {
        "cityName": "Giridih",
        "category": "C"
    },
    {
        "cityName": "Goalpara",
        "category": "C"
    },
    {
        "cityName": "Gobichettipalayam",
        "category": "C"
    },
    {
        "cityName": "Gobindgarh",
        "category": "C"
    },
    {
        "cityName": "Godhra",
        "category": "C"
    },
    {
        "cityName": "Gohana",
        "category": "C"
    },
    {
        "cityName": "Gokak",
        "category": "C"
    },
    {
        "cityName": "Gooty",
        "category": "C"
    },
    {
        "cityName": "Gopalganj",
        "category": "C"
    },
    {
        "cityName": "Gorakhpur",
        "category": "B"
    },
    {
        "cityName": "Gudivada",
        "category": "C"
    },
    {
        "cityName": "Gudur",
        "category": "C"
    },
    {
        "cityName": "Gumia",
        "category": "C"
    },
    {
        "cityName": "Guntakal",
        "category": "C"
    },
    {
        "cityName": "Guntur",
        "category": "A"
    },
    {
        "cityName": "Gurdaspur",
        "category": "C"
    },
    {
        "cityName": "Gurgaon",
        "category": "B"
    },
    {
        "cityName": "Guruvayoor",
        "category": "C"
    },
    {
        "cityName": "Guwahati",
        "category": "B"
    },
    {
        "cityName": "Gwalior",
        "category": "B"
    },
    {
        "cityName": "Habra",
        "category": "C"
    },
    {
        "cityName": "Hajipur",
        "category": "C"
    },
    {
        "cityName": "Haldwani-cum-Kathgodam",
        "category": "C"
    },
    {
        "cityName": "Hansi",
        "category": "C"
    },
    {
        "cityName": "Hapur",
        "category": "C"
    },
    {
        "cityName": "Hardoi ",
        "category": "C"
    },
    {
        "cityName": "Hardwar",
        "category": "C"
    },
    {
        "cityName": "Hazaribag",
        "category": "C"
    },
    {
        "cityName": "Hindupur",
        "category": "C"
    },
    {
        "cityName": "Hisar",
        "category": "B"
    },
    {
        "cityName": "Hoshiarpur",
        "category": "C"
    },
    {
        "cityName": "Hubli",
        "category": "B"
    },
    {
        "cityName": "Hugli-Chinsurah",
        "category": "C"
    },
    {
        "cityName": "Hyderabad",
        "category": "A"
    },
    {
        "cityName": "Ichalkaranji",
        "category": "C"
    },
    {
        "cityName": "Imphal",
        "category": "C"
    },
    {
        "cityName": "Indore",
        "category": "A"
    },
    {
        "cityName": "Itarsi",
        "category": "C"
    },
    {
        "cityName": "Jabalpur",
        "category": "B"
    },
    {
        "cityName": "Jagdalpur",
        "category": "C"
    },
    {
        "cityName": "Jaggaiahpet",
        "category": "C"
    },
    {
        "cityName": "Jagraon",
        "category": "C"
    },
    {
        "cityName": "Jagtial",
        "category": "C"
    },
    {
        "cityName": "Jaipur",
        "category": "A"
    },
    {
        "cityName": "Jalandhar",
        "category": "B"
    },
    {
        "cityName": "Jalandhar Cantt.",
        "category": "C"
    },
    {
        "cityName": "Jalpaiguri",
        "category": "C"
    },
    {
        "cityName": "Jamalpur",
        "category": "C"
    },
    {
        "cityName": "Jammalamadugu",
        "category": "C"
    },
    {
        "cityName": "Jammu",
        "category": "A"
    },
    {
        "cityName": "Jamnagar",
        "category": "B"
    },
    {
        "cityName": "Jamshedpur",
        "category": "B"
    },
    {
        "cityName": "Jamui",
        "category": "C"
    },
    {
        "cityName": "Jangaon",
        "category": "C"
    },
    {
        "cityName": "Jatani",
        "category": "C"
    },
    {
        "cityName": "Jehanabad",
        "category": "C"
    },
    {
        "cityName": "Jhansi",
        "category": "C"
    },
    {
        "cityName": "Jhargram",
        "category": "C"
    },
    {
        "cityName": "Jharsuguda",
        "category": "C"
    },
    {
        "cityName": "Jhumri Tilaiya",
        "category": "C"
    },
    {
        "cityName": "Jind",
        "category": "C"
    },
    {
        "cityName": "Jinda",
        "category": "B"
    },
    {
        "cityName": "Jodhpur",
        "category": "B"
    },
    {
        "cityName": "Jorhat",
        "category": "C"
    },
    {
        "cityName": "Kadapa",
        "category": "C"
    },
    {
        "cityName": "Kadi",
        "category": "C"
    },
    {
        "cityName": "Kadiri",
        "category": "C"
    },
    {
        "cityName": "Kagaznagar",
        "category": "C"
    },
    {
        "cityName": "Kailasahar",
        "category": "C"
    },
    {
        "cityName": "Kaithal",
        "category": "C"
    },
    {
        "cityName": "Kakinada",
        "category": "C"
    },
    {
        "cityName": "Kalimpong",
        "category": "C"
    },
    {
        "cityName": "Kalpi",
        "category": "C"
    },
    {
        "cityName": "Kalyan-Dombivali",
        "category": "C"
    },
    {
        "cityName": "Kamal",
        "category": "B"
    },
    {
        "cityName": "Kamareddy",
        "category": "C"
    },
    {
        "cityName": "Kancheepuram",
        "category": "C"
    },
    {
        "cityName": "Kandukur",
        "category": "C"
    },
    {
        "cityName": "Kanhangad",
        "category": "C"
    },
    {
        "cityName": "Kannur",
        "category": "C"
    },
    {
        "cityName": "Kanpur",
        "category": "A"
    },
    {
        "cityName": "Kapadvanj",
        "category": "C"
    },
    {
        "cityName": "Kapurthala",
        "category": "C"
    },
    {
        "cityName": "Karaikal",
        "category": "C"
    },
    {
        "cityName": "Karimganj",
        "category": "C"
    },
    {
        "cityName": "Karimnagar",
        "category": "B"
    },
    {
        "cityName": "Karjat",
        "category": "C"
    },
    {
        "cityName": "Karnal",
        "category": "B"
    },
    {
        "cityName": "Karur",
        "category": "C"
    },
    {
        "cityName": "Karwar",
        "category": "C"
    },
    {
        "cityName": "Kasaragod",
        "category": "C"
    },
    {
        "cityName": "Kashipur",
        "category": "C"
    },
    {
        "cityName": "KathUrban Agglomeration",
        "category": "C"
    },
    {
        "cityName": "Katihar",
        "category": "C"
    },
    {
        "cityName": "Kavali",
        "category": "C"
    },
    {
        "cityName": "Kayamkulam",
        "category": "C"
    },
    {
        "cityName": "Kendrapara",
        "category": "C"
    },
    {
        "cityName": "Kendujhar",
        "category": "C"
    },
    {
        "cityName": "Keshod",
        "category": "C"
    },
    {
        "cityName": "Khair",
        "category": "C"
    },
    {
        "cityName": "Khambhat",
        "category": "C"
    },
    {
        "cityName": "Khammam",
        "category": "C"
    },
    {
        "cityName": "Khanna",
        "category": "C"
    },
    {
        "cityName": "Kharagpur",
        "category": "C"
    },
    {
        "cityName": "Kharar",
        "category": "C"
    },
    {
        "cityName": "Khowai",
        "category": "C"
    },
    {
        "cityName": "Kishanganj",
        "category": "C"
    },
    {
        "cityName": "Kochin",
        "category": "A"
    },
    {
        "cityName": "Kodungallur",
        "category": "C"
    },
    {
        "cityName": "Kohima",
        "category": "C"
    },
    {
        "cityName": "Kolar",
        "category": "C"
    },
    {
        "cityName": "Kolhapur",
        "category": "B"
    },
    {
        "cityName": "Kolkata",
        "category": "A"
    },
    {
        "cityName": "Kollam",
        "category": "C"
    },
    {
        "cityName": "Koratla",
        "category": "C"
    },
    {
        "cityName": "Korba",
        "category": "C"
    },
    {
        "cityName": "Kot Kapura",
        "category": "C"
    },
    {
        "cityName": "Kota",
        "category": "B"
    },
    {
        "cityName": "Kothagudem",
        "category": "C"
    },
    {
        "cityName": "Kottayam",
        "category": "C"
    },
    {
        "cityName": "Kovvur",
        "category": "C"
    },
    {
        "cityName": "Koyilandy",
        "category": "C"
    },
    {
        "cityName": "Kozhikode",
        "category": "B"
    },
    {
        "cityName": "Kunnamkulam",
        "category": "C"
    },
    {
        "cityName": "Kurnool",
        "category": "C"
    },
    {
        "cityName": "Kyathampalle",
        "category": "C"
    },
    {
        "cityName": "Lachhmangarh",
        "category": "C"
    },
    {
        "cityName": "Ladnu",
        "category": "C"
    },
    {
        "cityName": "Ladwa",
        "category": "C"
    },
    {
        "cityName": "Lahar",
        "category": "C"
    },
    {
        "cityName": "Laharpur",
        "category": "C"
    },
    {
        "cityName": "Lakheri",
        "category": "C"
    },
    {
        "cityName": "Lakhimpur",
        "category": "C"
    },
    {
        "cityName": "Lakhisarai",
        "category": "C"
    },
    {
        "cityName": "Lakshmeshwar",
        "category": "C"
    },
    {
        "cityName": "Lal Gopalganj Nindaura",
        "category": "C"
    },
    {
        "cityName": "Lalganj",
        "category": "C"
    },
    {
        "cityName": "Lalganj",
        "category": "C"
    },
    {
        "cityName": "Lalgudi",
        "category": "C"
    },
    {
        "cityName": "Lalitpur",
        "category": "C"
    },
    {
        "cityName": "Lalsot",
        "category": "C"
    },
    {
        "cityName": "Lanka",
        "category": "C"
    },
    {
        "cityName": "Lar",
        "category": "C"
    },
    {
        "cityName": "Lathi",
        "category": "C"
    },
    {
        "cityName": "Latur",
        "category": "C"
    },
    {
        "cityName": "Lilong",
        "category": "C"
    },
    {
        "cityName": "Limbdi",
        "category": "C"
    },
    {
        "cityName": "Lingsugur",
        "category": "C"
    },
    {
        "cityName": "Loha",
        "category": "C"
    },
    {
        "cityName": "Lohardaga",
        "category": "C"
    },
    {
        "cityName": "Lonar",
        "category": "C"
    },
    {
        "cityName": "Lonavla",
        "category": "C"
    },
    {
        "cityName": "Longowal",
        "category": "C"
    },
    {
        "cityName": "Loni",
        "category": "C"
    },
    {
        "cityName": "Losal",
        "category": "C"
    },
    {
        "cityName": "Lucknow",
        "category": "B"
    },
    {
        "cityName": "Ludhiana",
        "category": "B"
    },
    {
        "cityName": "Lumding",
        "category": "C"
    },
    {
        "cityName": "Lunawada",
        "category": "C"
    },
    {
        "cityName": "Lunglei",
        "category": "C"
    },
    {
        "cityName": "Macherla",
        "category": "C"
    },
    {
        "cityName": "Machilipatnam",
        "category": "C"
    },
    {
        "cityName": "Madanapalle",
        "category": "C"
    },
    {
        "cityName": "Maddur",
        "category": "C"
    },
    {
        "cityName": "Madhepura",
        "category": "C"
    },
    {
        "cityName": "Madhubani",
        "category": "C"
    },
    {
        "cityName": "Madhugiri",
        "category": "C"
    },
    {
        "cityName": "Madhupur",
        "category": "C"
    },
    {
        "cityName": "Madikeri",
        "category": "C"
    },
    {
        "cityName": "Madurai",
        "category": "B"
    },
    {
        "cityName": "Magadi",
        "category": "C"
    },
    {
        "cityName": "Mahad",
        "category": "C"
    },
    {
        "cityName": "Mahalingapura",
        "category": "C"
    },
    {
        "cityName": "Maharajganj",
        "category": "C"
    },
    {
        "cityName": "Maharajpur",
        "category": "C"
    },
    {
        "cityName": "Mahasamund",
        "category": "C"
    },
    {
        "cityName": "Mahbubnagar",
        "category": "C"
    },
    {
        "cityName": "Mahe",
        "category": "C"
    },
    {
        "cityName": "Mahemdabad",
        "category": "C"
    },
    {
        "cityName": "Mahendragarh",
        "category": "C"
    },
    {
        "cityName": "Mahesana",
        "category": "C"
    },
    {
        "cityName": "Mahidpur",
        "category": "C"
    },
    {
        "cityName": "Mahnar Bazar",
        "category": "C"
    },
    {
        "cityName": "Mahuva",
        "category": "C"
    },
    {
        "cityName": "Maihar",
        "category": "C"
    },
    {
        "cityName": "Mainaguri",
        "category": "C"
    },
    {
        "cityName": "Makhdumpur",
        "category": "C"
    },
    {
        "cityName": "Makrana",
        "category": "C"
    },
    {
        "cityName": "Malaj Khand",
        "category": "C"
    },
    {
        "cityName": "Malappuram",
        "category": "C"
    },
    {
        "cityName": "Malavalli",
        "category": "C"
    },
    {
        "cityName": "Malda",
        "category": "C"
    },
    {
        "cityName": "Malegaon",
        "category": "C"
    },
    {
        "cityName": "Malerkotla",
        "category": "C"
    },
    {
        "cityName": "Malkangiri",
        "category": "C"
    },
    {
        "cityName": "Malkapur",
        "category": "C"
    },
    {
        "cityName": "Malout",
        "category": "C"
    },
    {
        "cityName": "Malpura",
        "category": "C"
    },
    {
        "cityName": "Malur",
        "category": "C"
    },
    {
        "cityName": "Manachanallur",
        "category": "C"
    },
    {
        "cityName": "Manasa",
        "category": "C"
    },
    {
        "cityName": "Manavadar",
        "category": "C"
    },
    {
        "cityName": "Manawar",
        "category": "C"
    },
    {
        "cityName": "Mancherial",
        "category": "C"
    },
    {
        "cityName": "Mandalgarh",
        "category": "C"
    },
    {
        "cityName": "Mandamarri",
        "category": "C"
    },
    {
        "cityName": "Mandapeta",
        "category": "C"
    },
    {
        "cityName": "Mandawa",
        "category": "C"
    },
    {
        "cityName": "Mandi",
        "category": "C"
    },
    {
        "cityName": "Mandi Dabwali",
        "category": "C"
    },
    {
        "cityName": "Mandideep",
        "category": "C"
    },
    {
        "cityName": "Mandla",
        "category": "C"
    },
    {
        "cityName": "Mandsaur",
        "category": "C"
    },
    {
        "cityName": "Mandvi",
        "category": "C"
    },
    {
        "cityName": "Mandya",
        "category": "C"
    },
    {
        "cityName": "Manendragarh",
        "category": "C"
    },
    {
        "cityName": "Maner",
        "category": "C"
    },
    {
        "cityName": "Mangaldoi",
        "category": "C"
    },
    {
        "cityName": "Mangalore",
        "category": "B"
    },
    {
        "cityName": "Mangalvedhe",
        "category": "C"
    },
    {
        "cityName": "Manglaur",
        "category": "C"
    },
    {
        "cityName": "Mangrol",
        "category": "C"
    },
    {
        "cityName": "Mangrol",
        "category": "C"
    },
    {
        "cityName": "Mangrulpir",
        "category": "C"
    },
    {
        "cityName": "Manihari",
        "category": "C"
    },
    {
        "cityName": "Manjlegaon",
        "category": "C"
    },
    {
        "cityName": "Mankachar",
        "category": "C"
    },
    {
        "cityName": "Manmad",
        "category": "C"
    },
    {
        "cityName": "Mansa",
        "category": "C"
    },
    {
        "cityName": "Mansa",
        "category": "C"
    },
    {
        "cityName": "Manuguru",
        "category": "C"
    },
    {
        "cityName": "Manvi",
        "category": "C"
    },
    {
        "cityName": "Manwath",
        "category": "C"
    },
    {
        "cityName": "Mapusa",
        "category": "C"
    },
    {
        "cityName": "Margao",
        "category": "C"
    },
    {
        "cityName": "Margherita",
        "category": "C"
    },
    {
        "cityName": "Marhaura",
        "category": "C"
    },
    {
        "cityName": "Mariani",
        "category": "C"
    },
    {
        "cityName": "Marigaon",
        "category": "C"
    },
    {
        "cityName": "Markapur",
        "category": "C"
    },
    {
        "cityName": "Marmagao",
        "category": "C"
    },
    {
        "cityName": "Masaurhi",
        "category": "C"
    },
    {
        "cityName": "Mathabhanga",
        "category": "C"
    },
    {
        "cityName": "Mathura",
        "category": "C"
    },
    {
        "cityName": "Mattannur",
        "category": "C"
    },
    {
        "cityName": "Mauganj",
        "category": "C"
    },
    {
        "cityName": "Mavelikkara",
        "category": "C"
    },
    {
        "cityName": "Mavoor",
        "category": "C"
    },
    {
        "cityName": "Mayang Imphal",
        "category": "C"
    },
    {
        "cityName": "Medak",
        "category": "C"
    },
    {
        "cityName": "Medininagar (Daltonganj)",
        "category": "C"
    },
    {
        "cityName": "Medinipur",
        "category": "C"
    },
    {
        "cityName": "Meerut",
        "category": "B"
    },
    {
        "cityName": "Mehkar",
        "category": "C"
    },
    {
        "cityName": "Memari",
        "category": "C"
    },
    {
        "cityName": "Merta City",
        "category": "C"
    },
    {
        "cityName": "Mhaswad",
        "category": "C"
    },
    {
        "cityName": "Mhow Cantonment",
        "category": "C"
    },
    {
        "cityName": "Mhowgaon",
        "category": "C"
    },
    {
        "cityName": "Mihijam",
        "category": "C"
    },
    {
        "cityName": "Mira-Bhayandar",
        "category": "C"
    },
    {
        "cityName": "Mirganj",
        "category": "C"
    },
    {
        "cityName": "Miryalaguda",
        "category": "C"
    },
    {
        "cityName": "Modasa",
        "category": "C"
    },
    {
        "cityName": "Modinagar",
        "category": "C"
    },
    {
        "cityName": "Moga",
        "category": "C"
    },
    {
        "cityName": "Mohali",
        "category": "C"
    },
    {
        "cityName": "Mokameh",
        "category": "C"
    },
    {
        "cityName": "Mokokchung",
        "category": "C"
    },
    {
        "cityName": "Monoharpur",
        "category": "C"
    },
    {
        "cityName": "Moradabad",
        "category": "B"
    },
    {
        "cityName": "Morena",
        "category": "C"
    },
    {
        "cityName": "Morinda, India",
        "category": "C"
    },
    {
        "cityName": "Morshi",
        "category": "C"
    },
    {
        "cityName": "Morvi",
        "category": "C"
    },
    {
        "cityName": "Motihari",
        "category": "C"
    },
    {
        "cityName": "Motipur",
        "category": "C"
    },
    {
        "cityName": "Mount Abu",
        "category": "C"
    },
    {
        "cityName": "Mudabidri",
        "category": "C"
    },
    {
        "cityName": "Mudalagi",
        "category": "C"
    },
    {
        "cityName": "Muddebihal",
        "category": "C"
    },
    {
        "cityName": "Mudhol",
        "category": "C"
    },
    {
        "cityName": "Mukerian",
        "category": "C"
    },
    {
        "cityName": "Mukhed",
        "category": "C"
    },
    {
        "cityName": "Muktsar",
        "category": "C"
    },
    {
        "cityName": "Mul",
        "category": "C"
    },
    {
        "cityName": "Mulbagal",
        "category": "C"
    },
    {
        "cityName": "Multai",
        "category": "C"
    },
    {
        "cityName": "Mumbai",
        "category": "A"
    },
    {
        "cityName": "Mundargi",
        "category": "C"
    },
    {
        "cityName": "Mundi",
        "category": "C"
    },
    {
        "cityName": "Mungeli",
        "category": "C"
    },
    {
        "cityName": "Munger",
        "category": "C"
    },
    {
        "cityName": "Murliganj",
        "category": "C"
    },
    {
        "cityName": "Murshidabad",
        "category": "C"
    },
    {
        "cityName": "Murtijapur",
        "category": "C"
    },
    {
        "cityName": "Murwara (Katni)",
        "category": "C"
    },
    {
        "cityName": "Musabani",
        "category": "C"
    },
    {
        "cityName": "Mussoorie",
        "category": "C"
    },
    {
        "cityName": "Muvattupuzha",
        "category": "C"
    },
    {
        "cityName": "Muzaffarpur",
        "category": "C"
    },
    {
        "cityName": "Mysore",
        "category": "B"
    },
    {
        "cityName": "Nabadwip",
        "category": "C"
    },
    {
        "cityName": "Nabarangapur",
        "category": "C"
    },
    {
        "cityName": "Nabha",
        "category": "C"
    },
    {
        "cityName": "Nadbai",
        "category": "C"
    },
    {
        "cityName": "Nadiad",
        "category": "C"
    },
    {
        "cityName": "Nagaon",
        "category": "C"
    },
    {
        "cityName": "Nagapattinam",
        "category": "C"
    },
    {
        "cityName": "Nagar",
        "category": "C"
    },
    {
        "cityName": "Nagari",
        "category": "C"
    },
    {
        "cityName": "Nagarkurnool",
        "category": "C"
    },
    {
        "cityName": "Nagaur",
        "category": "C"
    },
    {
        "cityName": "Nagda",
        "category": "C"
    },
    {
        "cityName": "Nagercoil",
        "category": "C"
    },
    {
        "cityName": "Nagina",
        "category": "C"
    },
    {
        "cityName": "Nagla",
        "category": "C"
    },
    {
        "cityName": "Nagpur",
        "category": "B"
    },
    {
        "cityName": "Nahan",
        "category": "C"
    },
    {
        "cityName": "Naharlagun",
        "category": "C"
    },
    {
        "cityName": "Naidupet",
        "category": "C"
    },
    {
        "cityName": "Naihati",
        "category": "C"
    },
    {
        "cityName": "Naila Janjgir",
        "category": "C"
    },
    {
        "cityName": "Nainital",
        "category": "C"
    },
    {
        "cityName": "Nainpur",
        "category": "C"
    },
    {
        "cityName": "Najibabad",
        "category": "C"
    },
    {
        "cityName": "Nakodar",
        "category": "C"
    },
    {
        "cityName": "Nakur",
        "category": "C"
    },
    {
        "cityName": "Nalbari",
        "category": "C"
    },
    {
        "cityName": "Namagiripettai",
        "category": "C"
    },
    {
        "cityName": "Namakkal",
        "category": "C"
    },
    {
        "cityName": "Nanded-Waghala",
        "category": "C"
    },
    {
        "cityName": "Nandgaon",
        "category": "C"
    },
    {
        "cityName": "Nandivaram-Guduvancheri",
        "category": "C"
    },
    {
        "cityName": "Nandura",
        "category": "C"
    },
    {
        "cityName": "Nandurbar",
        "category": "C"
    },
    {
        "cityName": "Nandyal",
        "category": "C"
    },
    {
        "cityName": "Nangal",
        "category": "C"
    },
    {
        "cityName": "Nanjangud",
        "category": "C"
    },
    {
        "cityName": "Nanjikottai",
        "category": "C"
    },
    {
        "cityName": "Nanpara",
        "category": "C"
    },
    {
        "cityName": "Narasapuram",
        "category": "C"
    },
    {
        "cityName": "Narasaraopet",
        "category": "C"
    },
    {
        "cityName": "Naraura",
        "category": "C"
    },
    {
        "cityName": "Narayanpet",
        "category": "C"
    },
    {
        "cityName": "Nargund",
        "category": "C"
    },
    {
        "cityName": "Narkatiaganj",
        "category": "C"
    },
    {
        "cityName": "Narkhed",
        "category": "C"
    },
    {
        "cityName": "Narnaul",
        "category": "C"
    },
    {
        "cityName": "Narsinghgarh",
        "category": "C"
    },
    {
        "cityName": "Narsinghgarh",
        "category": "C"
    },
    {
        "cityName": "Narsipatnam",
        "category": "C"
    },
    {
        "cityName": "Narwana",
        "category": "C"
    },
    {
        "cityName": "Nashik",
        "category": "B"
    },
    {
        "cityName": "Nasirabad",
        "category": "C"
    },
    {
        "cityName": "Natham",
        "category": "C"
    },
    {
        "cityName": "Nathdwara",
        "category": "C"
    },
    {
        "cityName": "Naugachhia",
        "category": "C"
    },
    {
        "cityName": "Naugawan Sadat",
        "category": "C"
    },
    {
        "cityName": "Nautanwa",
        "category": "C"
    },
    {
        "cityName": "Navalgund",
        "category": "C"
    },
    {
        "cityName": "Navsari",
        "category": "C"
    },
    {
        "cityName": "Nawabganj",
        "category": "C"
    },
    {
        "cityName": "Nawada",
        "category": "C"
    },
    {
        "cityName": "Nawanshahr",
        "category": "C"
    },
    {
        "cityName": "Nawapur",
        "category": "C"
    },
    {
        "cityName": "Nedumangad",
        "category": "C"
    },
    {
        "cityName": "Neem-Ka-Thana",
        "category": "C"
    },
    {
        "cityName": "Neemuch",
        "category": "C"
    },
    {
        "cityName": "Nehtaur",
        "category": "C"
    },
    {
        "cityName": "Nelamangala",
        "category": "C"
    },
    {
        "cityName": "Nellikuppam",
        "category": "C"
    },
    {
        "cityName": "Nellore",
        "category": "C"
    },
    {
        "cityName": "Nepanagar",
        "category": "C"
    },
    {
        "cityName": "New Delhi",
        "category": "A"
    },
    {
        "cityName": "Neyveli (TS)",
        "category": "C"
    },
    {
        "cityName": "Neyyattinkara",
        "category": "C"
    },
    {
        "cityName": "Nidadavole",
        "category": "C"
    },
    {
        "cityName": "Nilambur",
        "category": "C"
    },
    {
        "cityName": "Nilanga",
        "category": "C"
    },
    {
        "cityName": "Nimbahera",
        "category": "C"
    },
    {
        "cityName": "Nirmal",
        "category": "C"
    },
    {
        "cityName": "Niwai",
        "category": "C"
    },
    {
        "cityName": "Niwari",
        "category": "C"
    },
    {
        "cityName": "Nizamabad",
        "category": "C"
    },
    {
        "cityName": "Nohar",
        "category": "C"
    },
    {
        "cityName": "Noida",
        "category": "A"
    },
    {
        "cityName": "Nokha",
        "category": "C"
    },
    {
        "cityName": "Nokha",
        "category": "C"
    },
    {
        "cityName": "Nongstoin",
        "category": "C"
    },
    {
        "cityName": "Noorpur",
        "category": "C"
    },
    {
        "cityName": "North Lakhimpur",
        "category": "C"
    },
    {
        "cityName": "Nowgong",
        "category": "C"
    },
    {
        "cityName": "Nowrozabad (Khodargama)",
        "category": "C"
    },
    {
        "cityName": "Nuzvid",
        "category": "C"
    },
    {
        "cityName": "O' Valley",
        "category": "C"
    },
    {
        "cityName": "Obra",
        "category": "C"
    },
    {
        "cityName": "Oddanchatram",
        "category": "C"
    },
    {
        "cityName": "Ongole",
        "category": "C"
    },
    {
        "cityName": "Orai",
        "category": "C"
    },
    {
        "cityName": "Osmanabad",
        "category": "C"
    },
    {
        "cityName": "Ottappalam",
        "category": "C"
    },
    {
        "cityName": "Ozar",
        "category": "C"
    },
    {
        "cityName": "P.N.Patti",
        "category": "C"
    },
    {
        "cityName": "Pachora",
        "category": "C"
    },
    {
        "cityName": "Pachore",
        "category": "C"
    },
    {
        "cityName": "Pacode",
        "category": "C"
    },
    {
        "cityName": "Padmanabhapuram",
        "category": "C"
    },
    {
        "cityName": "Padra",
        "category": "C"
    },
    {
        "cityName": "Padrauna",
        "category": "C"
    },
    {
        "cityName": "Paithan",
        "category": "C"
    },
    {
        "cityName": "Pakaur",
        "category": "C"
    },
    {
        "cityName": "Palacole",
        "category": "C"
    },
    {
        "cityName": "Palai",
        "category": "C"
    },
    {
        "cityName": "Palakkad",
        "category": "C"
    },
    {
        "cityName": "Palampur",
        "category": "C"
    },
    {
        "cityName": "Palani",
        "category": "C"
    },
    {
        "cityName": "Palanpur",
        "category": "C"
    },
    {
        "cityName": "Palasa Kasibugga",
        "category": "C"
    },
    {
        "cityName": "Palghar",
        "category": "C"
    },
    {
        "cityName": "Pali",
        "category": "C"
    },
    {
        "cityName": "Pali",
        "category": "C"
    },
    {
        "cityName": "Palia Kalan",
        "category": "C"
    },
    {
        "cityName": "Palitana",
        "category": "C"
    },
    {
        "cityName": "Palladam",
        "category": "C"
    },
    {
        "cityName": "Pallapatti",
        "category": "C"
    },
    {
        "cityName": "Pallikonda",
        "category": "C"
    },
    {
        "cityName": "Palwal",
        "category": "C"
    },
    {
        "cityName": "Palwancha",
        "category": "C"
    },
    {
        "cityName": "Panagar",
        "category": "C"
    },
    {
        "cityName": "Panagudi",
        "category": "C"
    },
    {
        "cityName": "Panaji",
        "category": "C"
    },
    {
        "cityName": "Panamattom",
        "category": "C"
    },
    {
        "cityName": "Panchkula",
        "category": "C"
    },
    {
        "cityName": "Panchla",
        "category": "C"
    },
    {
        "cityName": "Pandharkaoda",
        "category": "C"
    },
    {
        "cityName": "Pandharpur",
        "category": "C"
    },
    {
        "cityName": "Pandhurna",
        "category": "C"
    },
    {
        "cityName": "PandUrban Agglomeration",
        "category": "C"
    },
    {
        "cityName": "Panipat",
        "category": "B"
    },
    {
        "cityName": "Panna",
        "category": "C"
    },
    {
        "cityName": "Panniyannur",
        "category": "C"
    },
    {
        "cityName": "Panruti",
        "category": "C"
    },
    {
        "cityName": "Panvel",
        "category": "C"
    },
    {
        "cityName": "Pappinisseri",
        "category": "C"
    },
    {
        "cityName": "Paradip",
        "category": "C"
    },
    {
        "cityName": "Paramakudi",
        "category": "C"
    },
    {
        "cityName": "Parangipettai",
        "category": "C"
    },
    {
        "cityName": "Parasi",
        "category": "C"
    },
    {
        "cityName": "Paravoor",
        "category": "C"
    },
    {
        "cityName": "Parbhani",
        "category": "C"
    },
    {
        "cityName": "Pardi",
        "category": "C"
    },
    {
        "cityName": "Parlakhemundi",
        "category": "C"
    },
    {
        "cityName": "Parli",
        "category": "C"
    },
    {
        "cityName": "Partur",
        "category": "C"
    },
    {
        "cityName": "Parvathipuram",
        "category": "C"
    },
    {
        "cityName": "Pasan",
        "category": "C"
    },
    {
        "cityName": "Paschim Punropara",
        "category": "C"
    },
    {
        "cityName": "Pasighat",
        "category": "C"
    },
    {
        "cityName": "Patan",
        "category": "C"
    },
    {
        "cityName": "Pathanamthitta",
        "category": "C"
    },
    {
        "cityName": "Pathankot",
        "category": "C"
    },
    {
        "cityName": "Pathardi",
        "category": "C"
    },
    {
        "cityName": "Pathri",
        "category": "C"
    },
    {
        "cityName": "Patiala",
        "category": "B"
    },
    {
        "cityName": "Patna",
        "category": "A"
    },
    {
        "cityName": "Patratu",
        "category": "C"
    },
    {
        "cityName": "Pattamundai",
        "category": "C"
    },
    {
        "cityName": "Patti",
        "category": "C"
    },
    {
        "cityName": "Pattran",
        "category": "C"
    },
    {
        "cityName": "Pattukkottai",
        "category": "C"
    },
    {
        "cityName": "Patur",
        "category": "C"
    },
    {
        "cityName": "Pauni",
        "category": "C"
    },
    {
        "cityName": "Pauri",
        "category": "C"
    },
    {
        "cityName": "Pavagada",
        "category": "C"
    },
    {
        "cityName": "Pedana",
        "category": "C"
    },
    {
        "cityName": "Peddapuram",
        "category": "C"
    },
    {
        "cityName": "Pehowa",
        "category": "C"
    },
    {
        "cityName": "Pen",
        "category": "C"
    },
    {
        "cityName": "Perambalur",
        "category": "C"
    },
    {
        "cityName": "Peravurani",
        "category": "C"
    },
    {
        "cityName": "Peringathur",
        "category": "C"
    },
    {
        "cityName": "Perinthalmanna",
        "category": "C"
    },
    {
        "cityName": "Periyakulam",
        "category": "C"
    },
    {
        "cityName": "Periyasemur",
        "category": "C"
    },
    {
        "cityName": "Pernampattu",
        "category": "C"
    },
    {
        "cityName": "Perumbavoor",
        "category": "C"
    },
    {
        "cityName": "Petlad",
        "category": "C"
    },
    {
        "cityName": "Phagwara",
        "category": "C"
    },
    {
        "cityName": "Phalodi",
        "category": "C"
    },
    {
        "cityName": "Phaltan",
        "category": "C"
    },
    {
        "cityName": "Phillaur",
        "category": "C"
    },
    {
        "cityName": "Phulabani",
        "category": "C"
    },
    {
        "cityName": "Phulera",
        "category": "C"
    },
    {
        "cityName": "Phulpur",
        "category": "C"
    },
    {
        "cityName": "Phusro",
        "category": "C"
    },
    {
        "cityName": "Pihani",
        "category": "C"
    },
    {
        "cityName": "Pilani",
        "category": "C"
    },
    {
        "cityName": "Pilibanga",
        "category": "C"
    },
    {
        "cityName": "Pilibhit",
        "category": "C"
    },
    {
        "cityName": "Pilkhuwa",
        "category": "C"
    },
    {
        "cityName": "Pindwara",
        "category": "C"
    },
    {
        "cityName": "Pinjore",
        "category": "C"
    },
    {
        "cityName": "Pipar City",
        "category": "C"
    },
    {
        "cityName": "Pipariya",
        "category": "C"
    },
    {
        "cityName": "Piriyapatna",
        "category": "C"
    },
    {
        "cityName": "Piro",
        "category": "C"
    },
    {
        "cityName": "Pithampur",
        "category": "C"
    },
    {
        "cityName": "Pithapuram",
        "category": "C"
    },
    {
        "cityName": "Pithoragarh",
        "category": "C"
    },
    {
        "cityName": "Pollachi",
        "category": "C"
    },
    {
        "cityName": "Polur",
        "category": "C"
    },
    {
        "cityName": "Pondicherry",
        "category": "B"
    },
    {
        "cityName": "Ponnani",
        "category": "C"
    },
    {
        "cityName": "Ponneri",
        "category": "C"
    },
    {
        "cityName": "Ponnur",
        "category": "C"
    },
    {
        "cityName": "Porbandar",
        "category": "C"
    },
    {
        "cityName": "Porsa",
        "category": "C"
    },
    {
        "cityName": "Port Blair",
        "category": "C"
    },
    {
        "cityName": "Powayan",
        "category": "C"
    },
    {
        "cityName": "Prantij",
        "category": "C"
    },
    {
        "cityName": "Pratapgarh",
        "category": "C"
    },
    {
        "cityName": "Pratapgarh",
        "category": "C"
    },
    {
        "cityName": "Prithvipur",
        "category": "C"
    },
    {
        "cityName": "Proddatur",
        "category": "C"
    },
    {
        "cityName": "Pudukkottai",
        "category": "C"
    },
    {
        "cityName": "Pudupattinam",
        "category": "C"
    },
    {
        "cityName": "Pukhrayan",
        "category": "C"
    },
    {
        "cityName": "Pulgaon",
        "category": "C"
    },
    {
        "cityName": "Puliyankudi",
        "category": "C"
    },
    {
        "cityName": "Punalur",
        "category": "C"
    },
    {
        "cityName": "Punch",
        "category": "C"
    },
    {
        "cityName": "Pune",
        "category": "A"
    },
    {
        "cityName": "Punganur",
        "category": "C"
    },
    {
        "cityName": "Punjaipugalur",
        "category": "C"
    },
    {
        "cityName": "Puranpur",
        "category": "C"
    },
    {
        "cityName": "Puri",
        "category": "C"
    },
    {
        "cityName": "Purna",
        "category": "C"
    },
    {
        "cityName": "Purnia",
        "category": "C"
    },
    {
        "cityName": "PurqUrban Agglomerationzi",
        "category": "C"
    },
    {
        "cityName": "Purulia",
        "category": "C"
    },
    {
        "cityName": "Purwa",
        "category": "C"
    },
    {
        "cityName": "Pusad",
        "category": "C"
    },
    {
        "cityName": "Puthuppally",
        "category": "C"
    },
    {
        "cityName": "Puttur",
        "category": "C"
    },
    {
        "cityName": "Puttur",
        "category": "C"
    },
    {
        "cityName": "Qadian",
        "category": "C"
    },
    {
        "cityName": "Raayachuru",
        "category": "C"
    },
    {
        "cityName": "Rabkavi Banhatti",
        "category": "C"
    },
    {
        "cityName": "Radhanpur",
        "category": "C"
    },
    {
        "cityName": "Rae Bareli",
        "category": "C"
    },
    {
        "cityName": "Rafiganj",
        "category": "C"
    },
    {
        "cityName": "Raghogarh-Vijaypur",
        "category": "C"
    },
    {
        "cityName": "Raghunathganj",
        "category": "C"
    },
    {
        "cityName": "Raghunathpur",
        "category": "C"
    },
    {
        "cityName": "Rahatgarh",
        "category": "C"
    },
    {
        "cityName": "Rahuri",
        "category": "C"
    },
    {
        "cityName": "Raiganj",
        "category": "C"
    },
    {
        "cityName": "Raigarh",
        "category": "C"
    },
    {
        "cityName": "Raikot",
        "category": "C"
    },
    {
        "cityName": "Raipur",
        "category": "A"
    },
    {
        "cityName": "Rairangpur",
        "category": "C"
    },
    {
        "cityName": "Raisen",
        "category": "C"
    },
    {
        "cityName": "Raisinghnagar",
        "category": "C"
    },
    {
        "cityName": "Rajagangapur",
        "category": "C"
    },
    {
        "cityName": "Rajahmundry",
        "category": "B"
    },
    {
        "cityName": "Rajakhera",
        "category": "C"
    },
    {
        "cityName": "Rajaldesar",
        "category": "C"
    },
    {
        "cityName": "Rajam",
        "category": "C"
    },
    {
        "cityName": "Rajampet",
        "category": "C"
    },
    {
        "cityName": "Rajapalayam",
        "category": "C"
    },
    {
        "cityName": "Rajauri",
        "category": "C"
    },
    {
        "cityName": "Rajgarh",
        "category": "C"
    },
    {
        "cityName": "Rajgarh (Alwar)",
        "category": "C"
    },
    {
        "cityName": "Rajgarh (Churu)",
        "category": "C"
    },
    {
        "cityName": "Rajgir",
        "category": "C"
    },
    {
        "cityName": "Rajkot",
        "category": "B"
    },
    {
        "cityName": "Rajnandgaon",
        "category": "C"
    },
    {
        "cityName": "Rajpipla",
        "category": "C"
    },
    {
        "cityName": "Rajpura",
        "category": "C"
    },
    {
        "cityName": "Rajsamand",
        "category": "C"
    },
    {
        "cityName": "Rajula",
        "category": "C"
    },
    {
        "cityName": "Rajura",
        "category": "C"
    },
    {
        "cityName": "Ramachandrapuram",
        "category": "C"
    },
    {
        "cityName": "Ramagundam",
        "category": "C"
    },
    {
        "cityName": "Ramanagaram",
        "category": "C"
    },
    {
        "cityName": "Ramanathapuram",
        "category": "C"
    },
    {
        "cityName": "Ramdurg",
        "category": "C"
    },
    {
        "cityName": "Rameshwaram",
        "category": "C"
    },
    {
        "cityName": "Ramganj Mandi",
        "category": "C"
    },
    {
        "cityName": "Ramgarh",
        "category": "C"
    },
    {
        "cityName": "Ramnagar",
        "category": "C"
    },
    {
        "cityName": "Ramnagar",
        "category": "C"
    },
    {
        "cityName": "Ramngarh",
        "category": "C"
    },
    {
        "cityName": "Rampur",
        "category": "C"
    },
    {
        "cityName": "Rampur Maniharan",
        "category": "C"
    },
    {
        "cityName": "Rampura Phul",
        "category": "C"
    },
    {
        "cityName": "Rampurhat",
        "category": "C"
    },
    {
        "cityName": "Ramtek",
        "category": "C"
    },
    {
        "cityName": "Ranaghat",
        "category": "C"
    },
    {
        "cityName": "Ranavav",
        "category": "C"
    },
    {
        "cityName": "Ranchi",
        "category": "B"
    },
    {
        "cityName": "Ranebennuru",
        "category": "C"
    },
    {
        "cityName": "Rangia",
        "category": "C"
    },
    {
        "cityName": "Rania",
        "category": "C"
    },
    {
        "cityName": "Ranibennur",
        "category": "C"
    },
    {
        "cityName": "Ranipet",
        "category": "C"
    },
    {
        "cityName": "Rapar",
        "category": "C"
    },
    {
        "cityName": "Rasipuram",
        "category": "C"
    },
    {
        "cityName": "Rasra",
        "category": "C"
    },
    {
        "cityName": "Ratangarh",
        "category": "C"
    },
    {
        "cityName": "Rath",
        "category": "C"
    },
    {
        "cityName": "Ratia",
        "category": "C"
    },
    {
        "cityName": "Ratlam",
        "category": "C"
    },
    {
        "cityName": "Ratnagiri",
        "category": "C"
    },
    {
        "cityName": "Rau",
        "category": "C"
    },
    {
        "cityName": "Raurkela",
        "category": "C"
    },
    {
        "cityName": "Raver",
        "category": "C"
    },
    {
        "cityName": "Rawatbhata",
        "category": "C"
    },
    {
        "cityName": "Rawatsar",
        "category": "C"
    },
    {
        "cityName": "Raxaul Bazar",
        "category": "C"
    },
    {
        "cityName": "Rayachoti",
        "category": "C"
    },
    {
        "cityName": "Rayadurg",
        "category": "C"
    },
    {
        "cityName": "Rayagada",
        "category": "C"
    },
    {
        "cityName": "Reengus",
        "category": "C"
    },
    {
        "cityName": "Rehli",
        "category": "C"
    },
    {
        "cityName": "Renigunta",
        "category": "C"
    },
    {
        "cityName": "Renukoot",
        "category": "C"
    },
    {
        "cityName": "Reoti",
        "category": "C"
    },
    {
        "cityName": "Repalle",
        "category": "C"
    },
    {
        "cityName": "Revelganj",
        "category": "C"
    },
    {
        "cityName": "Rewa",
        "category": "C"
    },
    {
        "cityName": "Rewari",
        "category": "C"
    },
    {
        "cityName": "Rishikesh",
        "category": "C"
    },
    {
        "cityName": "Risod",
        "category": "C"
    },
    {
        "cityName": "Robertsganj",
        "category": "C"
    },
    {
        "cityName": "Robertson Pet",
        "category": "C"
    },
    {
        "cityName": "Rohtak",
        "category": "C"
    },
    {
        "cityName": "Ron",
        "category": "C"
    },
    {
        "cityName": "Roorkee",
        "category": "C"
    },
    {
        "cityName": "Rosera",
        "category": "C"
    },
    {
        "cityName": "Rudauli",
        "category": "C"
    },
    {
        "cityName": "Rudrapur",
        "category": "C"
    },
    {
        "cityName": "Rudrapur",
        "category": "C"
    },
    {
        "cityName": "Rupnagar",
        "category": "C"
    },
    {
        "cityName": "Sabalgarh",
        "category": "C"
    },
    {
        "cityName": "Sadabad",
        "category": "C"
    },
    {
        "cityName": "Sadalagi",
        "category": "C"
    },
    {
        "cityName": "Sadasivpet",
        "category": "C"
    },
    {
        "cityName": "Sadri",
        "category": "C"
    },
    {
        "cityName": "Sadulpur",
        "category": "C"
    },
    {
        "cityName": "Sadulshahar",
        "category": "C"
    },
    {
        "cityName": "Safidon",
        "category": "C"
    },
    {
        "cityName": "Safipur",
        "category": "C"
    },
    {
        "cityName": "Sagar",
        "category": "C"
    },
    {
        "cityName": "Sagara",
        "category": "C"
    },
    {
        "cityName": "Sagwara",
        "category": "C"
    },
    {
        "cityName": "Saharanpur",
        "category": "C"
    },
    {
        "cityName": "Saharsa",
        "category": "C"
    },
    {
        "cityName": "Sahaspur",
        "category": "C"
    },
    {
        "cityName": "Sahaswan",
        "category": "C"
    },
    {
        "cityName": "Sahawar",
        "category": "C"
    },
    {
        "cityName": "Sahibganj",
        "category": "C"
    },
    {
        "cityName": "Sahjanwa",
        "category": "C"
    },
    {
        "cityName": "Saidpur",
        "category": "C"
    },
    {
        "cityName": "Saiha",
        "category": "C"
    },
    {
        "cityName": "Sailu",
        "category": "C"
    },
    {
        "cityName": "Sainthia",
        "category": "C"
    },
    {
        "cityName": "Sakaleshapura",
        "category": "C"
    },
    {
        "cityName": "Sakti",
        "category": "C"
    },
    {
        "cityName": "Salaya",
        "category": "C"
    },
    {
        "cityName": "Salem",
        "category": "B"
    },
    {
        "cityName": "Salur",
        "category": "C"
    },
    {
        "cityName": "Samalkha",
        "category": "C"
    },
    {
        "cityName": "Samalkot",
        "category": "C"
    },
    {
        "cityName": "Samana",
        "category": "C"
    },
    {
        "cityName": "Samastipur",
        "category": "C"
    },
    {
        "cityName": "Sambalpur",
        "category": "C"
    },
    {
        "cityName": "Sambhal",
        "category": "C"
    },
    {
        "cityName": "Sambhar",
        "category": "C"
    },
    {
        "cityName": "Samdhan",
        "category": "C"
    },
    {
        "cityName": "Samthar",
        "category": "C"
    },
    {
        "cityName": "Sanand",
        "category": "C"
    },
    {
        "cityName": "Sanawad",
        "category": "C"
    },
    {
        "cityName": "Sanchore",
        "category": "C"
    },
    {
        "cityName": "Sandi",
        "category": "C"
    },
    {
        "cityName": "Sandila",
        "category": "C"
    },
    {
        "cityName": "Sanduru",
        "category": "C"
    },
    {
        "cityName": "Sangamner",
        "category": "C"
    },
    {
        "cityName": "Sangareddy",
        "category": "C"
    },
    {
        "cityName": "Sangaria",
        "category": "C"
    },
    {
        "cityName": "Sangli",
        "category": "C"
    },
    {
        "cityName": "Sangole",
        "category": "C"
    },
    {
        "cityName": "Sangrur",
        "category": "C"
    },
    {
        "cityName": "Sankarankovil",
        "category": "C"
    },
    {
        "cityName": "Sankari",
        "category": "C"
    },
    {
        "cityName": "Sankeshwara",
        "category": "C"
    },
    {
        "cityName": "Santipur",
        "category": "C"
    },
    {
        "cityName": "Sarangpur",
        "category": "C"
    },
    {
        "cityName": "Sardarshahar",
        "category": "C"
    },
    {
        "cityName": "Sardhana",
        "category": "C"
    },
    {
        "cityName": "Sarni",
        "category": "C"
    },
    {
        "cityName": "Sarsod",
        "category": "C"
    },
    {
        "cityName": "Sasaram",
        "category": "C"
    },
    {
        "cityName": "Sasvad",
        "category": "C"
    },
    {
        "cityName": "Satana",
        "category": "C"
    },
    {
        "cityName": "Satara",
        "category": "C"
    },
    {
        "cityName": "Sathyamangalam",
        "category": "C"
    },
    {
        "cityName": "Satna",
        "category": "C"
    },
    {
        "cityName": "Sattenapalle",
        "category": "C"
    },
    {
        "cityName": "Sattur",
        "category": "C"
    },
    {
        "cityName": "Saunda",
        "category": "C"
    },
    {
        "cityName": "Saundatti-Yellamma",
        "category": "C"
    },
    {
        "cityName": "Sausar",
        "category": "C"
    },
    {
        "cityName": "Savanur",
        "category": "C"
    },
    {
        "cityName": "Savarkundla",
        "category": "C"
    },
    {
        "cityName": "Savner",
        "category": "C"
    },
    {
        "cityName": "Sawai Madhopur",
        "category": "C"
    },
    {
        "cityName": "Sawantwadi",
        "category": "C"
    },
    {
        "cityName": "Sedam",
        "category": "C"
    },
    {
        "cityName": "Sehore",
        "category": "C"
    },
    {
        "cityName": "Sendhwa",
        "category": "C"
    },
    {
        "cityName": "Seohara",
        "category": "C"
    },
    {
        "cityName": "Seoni",
        "category": "C"
    },
    {
        "cityName": "Seoni-Malwa",
        "category": "C"
    },
    {
        "cityName": "Shahabad",
        "category": "C"
    },
    {
        "cityName": "Shahabad, Hardoi",
        "category": "C"
    },
    {
        "cityName": "Shahabad, Rampur",
        "category": "C"
    },
    {
        "cityName": "Shahade",
        "category": "C"
    },
    {
        "cityName": "Shahbad",
        "category": "C"
    },
    {
        "cityName": "Shahdol",
        "category": "C"
    },
    {
        "cityName": "Shahganj",
        "category": "C"
    },
    {
        "cityName": "Shahjahanpur",
        "category": "C"
    },
    {
        "cityName": "Shahpur",
        "category": "C"
    },
    {
        "cityName": "Shahpura",
        "category": "C"
    },
    {
        "cityName": "Shahpura",
        "category": "C"
    },
    {
        "cityName": "Shajapur",
        "category": "C"
    },
    {
        "cityName": "Shamgarh",
        "category": "C"
    },
    {
        "cityName": "Shamli",
        "category": "C"
    },
    {
        "cityName": "Shamsabad, Agra",
        "category": "C"
    },
    {
        "cityName": "Shamsabad, Farrukhabad",
        "category": "C"
    },
    {
        "cityName": "Shegaon",
        "category": "C"
    },
    {
        "cityName": "Sheikhpura",
        "category": "C"
    },
    {
        "cityName": "Shendurjana",
        "category": "C"
    },
    {
        "cityName": "Shenkottai",
        "category": "C"
    },
    {
        "cityName": "Sheoganj",
        "category": "C"
    },
    {
        "cityName": "Sheohar",
        "category": "C"
    },
    {
        "cityName": "Sheopur",
        "category": "C"
    },
    {
        "cityName": "Sherghati",
        "category": "C"
    },
    {
        "cityName": "Sherkot",
        "category": "C"
    },
    {
        "cityName": "Shiggaon",
        "category": "C"
    },
    {
        "cityName": "Shikaripur",
        "category": "C"
    },
    {
        "cityName": "Shikarpur, Bulandshahr",
        "category": "C"
    },
    {
        "cityName": "Shikohabad",
        "category": "C"
    },
    {
        "cityName": "Shillong",
        "category": "C"
    },
    {
        "cityName": "Shimla",
        "category": "A"
    },
    {
        "cityName": "Shirdi",
        "category": "C"
    },
    {
        "cityName": "Shirpur-Warwade",
        "category": "C"
    },
    {
        "cityName": "Shirur",
        "category": "C"
    },
    {
        "cityName": "Shishgarh",
        "category": "C"
    },
    {
        "cityName": "Shivamogga",
        "category": "C"
    },
    {
        "cityName": "Shivpuri",
        "category": "C"
    },
    {
        "cityName": "Sholavandan",
        "category": "C"
    },
    {
        "cityName": "Sholingur",
        "category": "C"
    },
    {
        "cityName": "Shoranur",
        "category": "C"
    },
    {
        "cityName": "Shrigonda",
        "category": "C"
    },
    {
        "cityName": "Shrirampur",
        "category": "C"
    },
    {
        "cityName": "Shrirangapattana",
        "category": "C"
    },
    {
        "cityName": "Shujalpur",
        "category": "C"
    },
    {
        "cityName": "Siana",
        "category": "C"
    },
    {
        "cityName": "Sibsagar",
        "category": "C"
    },
    {
        "cityName": "Siddipet",
        "category": "C"
    },
    {
        "cityName": "Sidhi",
        "category": "C"
    },
    {
        "cityName": "Sidhpur",
        "category": "C"
    },
    {
        "cityName": "Sidlaghatta",
        "category": "C"
    },
    {
        "cityName": "Sihor",
        "category": "C"
    },
    {
        "cityName": "Sihora",
        "category": "C"
    },
    {
        "cityName": "Sikanderpur",
        "category": "C"
    },
    {
        "cityName": "Sikandra Rao",
        "category": "C"
    },
    {
        "cityName": "Sikandrabad",
        "category": "C"
    },
    {
        "cityName": "Sikar",
        "category": "C"
    },
    {
        "cityName": "Silao",
        "category": "C"
    },
    {
        "cityName": "Silapathar",
        "category": "C"
    },
    {
        "cityName": "Silchar",
        "category": "C"
    },
    {
        "cityName": "Siliguri",
        "category": "C"
    },
    {
        "cityName": "Sillod",
        "category": "C"
    },
    {
        "cityName": "Silvassa",
        "category": "C"
    },
    {
        "cityName": "Simdega",
        "category": "C"
    },
    {
        "cityName": "Sindagi",
        "category": "C"
    },
    {
        "cityName": "Sindhagi",
        "category": "C"
    },
    {
        "cityName": "Sindhnur",
        "category": "C"
    },
    {
        "cityName": "Singrauli",
        "category": "C"
    },
    {
        "cityName": "Sinnar",
        "category": "C"
    },
    {
        "cityName": "Sira",
        "category": "C"
    },
    {
        "cityName": "Sircilla",
        "category": "C"
    },
    {
        "cityName": "Sirhind Fatehgarh Sahib",
        "category": "C"
    },
    {
        "cityName": "Sirkali",
        "category": "C"
    },
    {
        "cityName": "Sirohi",
        "category": "C"
    },
    {
        "cityName": "Sironj",
        "category": "C"
    },
    {
        "cityName": "Sirsa",
        "category": "B"
    },
    {
        "cityName": "Sirsaganj",
        "category": "C"
    },
    {
        "cityName": "Sirsi",
        "category": "C"
    },
    {
        "cityName": "Sirsi",
        "category": "C"
    },
    {
        "cityName": "Siruguppa",
        "category": "C"
    },
    {
        "cityName": "Sitamarhi",
        "category": "C"
    },
    {
        "cityName": "Sitapur",
        "category": "C"
    },
    {
        "cityName": "Sitarganj",
        "category": "C"
    },
    {
        "cityName": "Sivaganga",
        "category": "C"
    },
    {
        "cityName": "Sivagiri",
        "category": "C"
    },
    {
        "cityName": "Sivakasi",
        "category": "C"
    },
    {
        "cityName": "Siwan",
        "category": "C"
    },
    {
        "cityName": "Sohagpur",
        "category": "C"
    },
    {
        "cityName": "Sohna",
        "category": "C"
    },
    {
        "cityName": "Sojat",
        "category": "C"
    },
    {
        "cityName": "Solan",
        "category": "C"
    },
    {
        "cityName": "Solapur",
        "category": "B"
    },
    {
        "cityName": "Sonamukhi",
        "category": "C"
    },
    {
        "cityName": "Sonepur",
        "category": "C"
    },
    {
        "cityName": "Songadh",
        "category": "C"
    },
    {
        "cityName": "Sonipat",
        "category": "C"
    },
    {
        "cityName": "Sopore",
        "category": "C"
    },
    {
        "cityName": "Soro",
        "category": "C"
    },
    {
        "cityName": "Soron",
        "category": "C"
    },
    {
        "cityName": "Soyagaon",
        "category": "C"
    },
    {
        "cityName": "Sri Madhopur",
        "category": "C"
    },
    {
        "cityName": "Srikakulam",
        "category": "C"
    },
    {
        "cityName": "Srikalahasti",
        "category": "C"
    },
    {
        "cityName": "Srinagar",
        "category": "B"
    },
    {
        "cityName": "Srinivaspur",
        "category": "C"
    },
    {
        "cityName": "Srirampore",
        "category": "C"
    },
    {
        "cityName": "Srisailam Project (Right Flank Colony) Township",
        "category": "C"
    },
    {
        "cityName": "Srivilliputhur",
        "category": "C"
    },
    {
        "cityName": "Sugauli",
        "category": "C"
    },
    {
        "cityName": "Sujangarh",
        "category": "C"
    },
    {
        "cityName": "Sujanpur",
        "category": "C"
    },
    {
        "cityName": "Sullurpeta",
        "category": "C"
    },
    {
        "cityName": "Sultanganj",
        "category": "C"
    },
    {
        "cityName": "Sultanpur",
        "category": "C"
    },
    {
        "cityName": "Sumerpur",
        "category": "C"
    },
    {
        "cityName": "Sumerpur",
        "category": "C"
    },
    {
        "cityName": "Sunabeda",
        "category": "C"
    },
    {
        "cityName": "Sunam",
        "category": "C"
    },
    {
        "cityName": "Sundargarh",
        "category": "C"
    },
    {
        "cityName": "Sundarnagar",
        "category": "C"
    },
    {
        "cityName": "Supaul",
        "category": "C"
    },
    {
        "cityName": "Surandai",
        "category": "C"
    },
    {
        "cityName": "Surapura",
        "category": "C"
    },
    {
        "cityName": "Surat",
        "category": "A"
    },
    {
        "cityName": "Suratgarh",
        "category": "C"
    },
    {
        "cityName": "SUrban Agglomerationr",
        "category": "C"
    },
    {
        "cityName": "Suri",
        "category": "C"
    },
    {
        "cityName": "Suriyampalayam",
        "category": "C"
    },
    {
        "cityName": "Suryapet",
        "category": "C"
    },
    {
        "cityName": "Tadepalligudem",
        "category": "C"
    },
    {
        "cityName": "Tadpatri",
        "category": "C"
    },
    {
        "cityName": "Takhatgarh",
        "category": "C"
    },
    {
        "cityName": "Taki",
        "category": "C"
    },
    {
        "cityName": "Talaja",
        "category": "C"
    },
    {
        "cityName": "Talcher",
        "category": "C"
    },
    {
        "cityName": "Talegaon Dabhade",
        "category": "C"
    },
    {
        "cityName": "Talikota",
        "category": "C"
    },
    {
        "cityName": "Taliparamba",
        "category": "C"
    },
    {
        "cityName": "Talode",
        "category": "C"
    },
    {
        "cityName": "Talwara",
        "category": "C"
    },
    {
        "cityName": "Tamluk",
        "category": "C"
    },
    {
        "cityName": "Tanda",
        "category": "C"
    },
    {
        "cityName": "Tandur",
        "category": "C"
    },
    {
        "cityName": "Tanuku",
        "category": "C"
    },
    {
        "cityName": "Tarakeswar",
        "category": "C"
    },
    {
        "cityName": "Tarana",
        "category": "C"
    },
    {
        "cityName": "Taranagar",
        "category": "C"
    },
    {
        "cityName": "Taraori",
        "category": "C"
    },
    {
        "cityName": "Tarbha",
        "category": "C"
    },
    {
        "cityName": "Tarikere",
        "category": "C"
    },
    {
        "cityName": "Tarn Taran",
        "category": "C"
    },
    {
        "cityName": "Tasgaon",
        "category": "C"
    },
    {
        "cityName": "Tehri",
        "category": "C"
    },
    {
        "cityName": "Tekkalakote",
        "category": "C"
    },
    {
        "cityName": "Tenali",
        "category": "C"
    },
    {
        "cityName": "Tenkasi",
        "category": "C"
    },
    {
        "cityName": "Tenu dam-cum-Kathhara",
        "category": "C"
    },
    {
        "cityName": "Terdal",
        "category": "C"
    },
    {
        "cityName": "Tezpur",
        "category": "C"
    },
    {
        "cityName": "Thakurdwara",
        "category": "C"
    },
    {
        "cityName": "Thammampatti",
        "category": "C"
    },
    {
        "cityName": "Thana Bhawan",
        "category": "C"
    },
    {
        "cityName": "Thane",
        "category": "C"
    },
    {
        "cityName": "Thanesar",
        "category": "C"
    },
    {
        "cityName": "Thangadh",
        "category": "C"
    },
    {
        "cityName": "Thanjavur",
        "category": "C"
    },
    {
        "cityName": "Tharad",
        "category": "C"
    },
    {
        "cityName": "Tharamangalam",
        "category": "C"
    },
    {
        "cityName": "Tharangambadi",
        "category": "C"
    },
    {
        "cityName": "Theni Allinagaram",
        "category": "C"
    },
    {
        "cityName": "Thirumangalam",
        "category": "C"
    },
    {
        "cityName": "Thirupuvanam",
        "category": "C"
    },
    {
        "cityName": "Thiruthuraipoondi",
        "category": "C"
    },
    {
        "cityName": "Thiruvalla",
        "category": "C"
    },
    {
        "cityName": "Thiruvallur",
        "category": "C"
    },
    {
        "cityName": "Thiruvananthapuram",
        "category": "A"
    },
    {
        "cityName": "Thiruvarur",
        "category": "C"
    },
    {
        "cityName": "Thodupuzha",
        "category": "C"
    },
    {
        "cityName": "Thoubal",
        "category": "C"
    },
    {
        "cityName": "Thrissur",
        "category": "B"
    },
    {
        "cityName": "Thuraiyur",
        "category": "C"
    },
    {
        "cityName": "Tikamgarh",
        "category": "C"
    },
    {
        "cityName": "Tilda Newra",
        "category": "C"
    },
    {
        "cityName": "Tilhar",
        "category": "C"
    },
    {
        "cityName": "Tindivanam",
        "category": "C"
    },
    {
        "cityName": "Tinsukia",
        "category": "C"
    },
    {
        "cityName": "Tiptur",
        "category": "C"
    },
    {
        "cityName": "Tirenelveli",
        "category": "B"
    },
    {
        "cityName": "Tirora",
        "category": "C"
    },
    {
        "cityName": "Tiruchendur",
        "category": "C"
    },
    {
        "cityName": "Tiruchengode",
        "category": "C"
    },
    {
        "cityName": "Tiruchirappalli",
        "category": "B"
    },
    {
        "cityName": "Tirukalukundram",
        "category": "C"
    },
    {
        "cityName": "Tirukkoyilur",
        "category": "C"
    },
    {
        "cityName": "Tirunelveli",
        "category": "B"
    },
    {
        "cityName": "Tirupathur",
        "category": "C"
    },
    {
        "cityName": "Tirupathur",
        "category": "C"
    },
    {
        "cityName": "Tirupati",
        "category": "B"
    },
    {
        "cityName": "Tiruppur",
        "category": "B"
    },
    {
        "cityName": "Tirur",
        "category": "C"
    },
    {
        "cityName": "Tiruttani",
        "category": "C"
    },
    {
        "cityName": "Tiruvannamalai",
        "category": "C"
    },
    {
        "cityName": "Tiruvethipuram",
        "category": "C"
    },
    {
        "cityName": "Tiruvuru",
        "category": "C"
    },
    {
        "cityName": "Tirwaganj",
        "category": "C"
    },
    {
        "cityName": "Titlagarh",
        "category": "C"
    },
    {
        "cityName": "Tittakudi",
        "category": "C"
    },
    {
        "cityName": "Todabhim",
        "category": "C"
    },
    {
        "cityName": "Todaraisingh",
        "category": "C"
    },
    {
        "cityName": "Tohana",
        "category": "C"
    },
    {
        "cityName": "Tonk",
        "category": "C"
    },
    {
        "cityName": "Tuensang",
        "category": "C"
    },
    {
        "cityName": "Tuljapur",
        "category": "C"
    },
    {
        "cityName": "Tulsipur",
        "category": "C"
    },
    {
        "cityName": "Tumkur",
        "category": "C"
    },
    {
        "cityName": "Tumsar",
        "category": "C"
    },
    {
        "cityName": "Tundla",
        "category": "C"
    },
    {
        "cityName": "Tuni",
        "category": "C"
    },
    {
        "cityName": "Tura",
        "category": "C"
    },
    {
        "cityName": "Uchgaon",
        "category": "C"
    },
    {
        "cityName": "Udaipur",
        "category": "B"
    },
    {
        "cityName": "Udaipurwati",
        "category": "C"
    },
    {
        "cityName": "Udgir",
        "category": "C"
    },
    {
        "cityName": "Udhagamandalam",
        "category": "C"
    },
    {
        "cityName": "Udhampur",
        "category": "C"
    },
    {
        "cityName": "Udipi",
        "category": "B"
    },
    {
        "cityName": "Udumalaipettai",
        "category": "C"
    },
    {
        "cityName": "Udupi",
        "category": "C"
    },
    {
        "cityName": "Ujhani",
        "category": "C"
    },
    {
        "cityName": "Ujjain",
        "category": "C"
    },
    {
        "cityName": "Umarga",
        "category": "C"
    },
    {
        "cityName": "Umaria",
        "category": "C"
    },
    {
        "cityName": "Umarkhed",
        "category": "C"
    },
    {
        "cityName": "Umbergaon",
        "category": "C"
    },
    {
        "cityName": "Umred",
        "category": "C"
    },
    {
        "cityName": "Umreth",
        "category": "C"
    },
    {
        "cityName": "Una",
        "category": "C"
    },
    {
        "cityName": "Unjha",
        "category": "C"
    },
    {
        "cityName": "Unnamalaikadai",
        "category": "C"
    },
    {
        "cityName": "Unnao",
        "category": "C"
    },
    {
        "cityName": "Upleta",
        "category": "C"
    },
    {
        "cityName": "Uran",
        "category": "C"
    },
    {
        "cityName": "Uran Islampur",
        "category": "C"
    },
    {
        "cityName": "Uravakonda",
        "category": "C"
    },
    {
        "cityName": "Urmar Tanda",
        "category": "C"
    },
    {
        "cityName": "Usilampatti",
        "category": "C"
    },
    {
        "cityName": "Uthamapalayam",
        "category": "C"
    },
    {
        "cityName": "Uthiramerur",
        "category": "C"
    },
    {
        "cityName": "Utraula",
        "category": "C"
    },
    {
        "cityName": "Vadakkuvalliyur",
        "category": "C"
    },
    {
        "cityName": "Vadalur",
        "category": "C"
    },
    {
        "cityName": "Vadgaon Kasba",
        "category": "C"
    },
    {
        "cityName": "Vadipatti",
        "category": "C"
    },
    {
        "cityName": "Vadnagar",
        "category": "C"
    },
    {
        "cityName": "Vadodara",
        "category": "B"
    },
    {
        "cityName": "Vaijapur",
        "category": "C"
    },
    {
        "cityName": "Vaikom",
        "category": "C"
    },
    {
        "cityName": "Valparai",
        "category": "C"
    },
    {
        "cityName": "Valsad",
        "category": "C"
    },
    {
        "cityName": "Vandavasi",
        "category": "C"
    },
    {
        "cityName": "Vaniyambadi",
        "category": "C"
    },
    {
        "cityName": "Vapi",
        "category": "C"
    },
    {
        "cityName": "Vapi",
        "category": "C"
    },
    {
        "cityName": "Varanasi",
        "category": "B"
    },
    {
        "cityName": "Varkala",
        "category": "C"
    },
    {
        "cityName": "Vasai-Virar",
        "category": "C"
    },
    {
        "cityName": "Vatakara",
        "category": "C"
    },
    {
        "cityName": "Vedaranyam",
        "category": "C"
    },
    {
        "cityName": "Vellakoil",
        "category": "C"
    },
    {
        "cityName": "Vellore",
        "category": "C"
    },
    {
        "cityName": "Venkatagiri",
        "category": "C"
    },
    {
        "cityName": "Veraval",
        "category": "C"
    },
    {
        "cityName": "Vidisha",
        "category": "C"
    },
    {
        "cityName": "Vijainagar, Ajmer",
        "category": "C"
    },
    {
        "cityName": "Vijapur",
        "category": "C"
    },
    {
        "cityName": "Vijayapura",
        "category": "C"
    },
    {
        "cityName": "Vijaypur",
        "category": "C"
    },
    {
        "cityName": "Vijaywada",
        "category": "A"
    },
    {
        "cityName": "Vikarabad",
        "category": "C"
    },
    {
        "cityName": "Vikramasingapuram",
        "category": "C"
    },
    {
        "cityName": "Viluppuram",
        "category": "C"
    },
    {
        "cityName": "Vinukonda",
        "category": "C"
    },
    {
        "cityName": "Viramgam",
        "category": "C"
    },
    {
        "cityName": "Virudhachalam",
        "category": "C"
    },
    {
        "cityName": "Virudhunagar",
        "category": "C"
    },
    {
        "cityName": "Visakhapatnam",
        "category": "B"
    },
    {
        "cityName": "Visnagar",
        "category": "C"
    },
    {
        "cityName": "Viswanatham",
        "category": "C"
    },
    {
        "cityName": "Vita",
        "category": "C"
    },
    {
        "cityName": "Vizianagaram",
        "category": "C"
    },
    {
        "cityName": "Vrindavan",
        "category": "C"
    },
    {
        "cityName": "Vyara",
        "category": "C"
    },
    {
        "cityName": "Wadgaon Road",
        "category": "C"
    },
    {
        "cityName": "Wadhwan",
        "category": "C"
    },
    {
        "cityName": "Wadi",
        "category": "C"
    },
    {
        "cityName": "Wai",
        "category": "C"
    },
    {
        "cityName": "Wanaparthy",
        "category": "C"
    },
    {
        "cityName": "Wani",
        "category": "C"
    },
    {
        "cityName": "Wankaner",
        "category": "C"
    },
    {
        "cityName": "Wara Seoni",
        "category": "C"
    },
    {
        "cityName": "Warangal",
        "category": "B"
    },
    {
        "cityName": "Wardha",
        "category": "C"
    },
    {
        "cityName": "Warhapur",
        "category": "C"
    },
    {
        "cityName": "Warisaliganj",
        "category": "C"
    },
    {
        "cityName": "Warora",
        "category": "C"
    },
    {
        "cityName": "Warud",
        "category": "C"
    },
    {
        "cityName": "Washim",
        "category": "C"
    },
    {
        "cityName": "Wokha",
        "category": "C"
    },
    {
        "cityName": "Yadgir",
        "category": "C"
    },
    {
        "cityName": "Yamunanagar",
        "category": "C"
    },
    {
        "cityName": "Yanam",
        "category": "C"
    },
    {
        "cityName": "Yavatmal",
        "category": "C"
    },
    {
        "cityName": "Yawal",
        "category": "C"
    },
    {
        "cityName": "Yellandu",
        "category": "C"
    },
    {
        "cityName": "Yemmiganur",
        "category": "C"
    },
    {
        "cityName": "Yerraguntla",
        "category": "C"
    },
    {
        "cityName": "Yevla",
        "category": "C"
    },
    {
        "cityName": "Zaidpur",
        "category": "C"
    },
    {
        "cityName": "Zamania",
        "category": "C"
    },
    {
        "cityName": "Zira",
        "category": "C"
    },
    {
        "cityName": "Zirakpur",
        "category": "C"
    },
    {
        "cityName": "Zunheboto",
        "category": "C"
    }
]
